CUSTOMERID,AGE,EDUCATION,YEARSEMPLOYED,INCOME,CARDDEBT,OTHERDEBT,DEFAULTED,ADDRESS
1,41,UNDER GRADUATE,6,19,0.124,1.073,0.0,NBA001
2,47,SCHOOL,26,100,4.582,8.218,0.0,NBA021
3,33,UNDER GRADUATE,10,57,6.111000000000001,5.8020000000000005,1.0,NBA013
4,29,UNDER GRADUATE,4,19,0.6809999999999999,0.516,0.0,NBA009
5,47,SCHOOL,31,253,9.308,8.908,0.0,NBA008
6,40,SCHOOL,23,81,0.998,7.831,,NBA016
